title,name
Wisdom,Andrew Zuckerman
Wisdom,Brad Newman
Wisdom,Emilio Estevez
Wisdom,Graham Gall
Wisdom,Heather A. Maxwell
Wisdom,Jessica Borutski
Wisdom,Karl Derrick
Wisdom,Richard Yearwood
Wisdom,Steve Cooper
Wisdom's House,Hannah Yoseph
Wisdom 2:24,William Desena
Wisdom and Good Luck,Abbas Kamel
Wisdom and Riches,Okey-Zubelu Okoh
Wisdom and Riches 2,Okey-Zubelu Okoh
Wisdom and Understanding,Sekiya Dorsett
Wisdom and Wonders,Buddy Kelly
Wisdom Day,Hyoe Yamamoto
Wisdom Earned,Lon Gibby
Wisdom from Our Vices,Rishi Ranjan
Wisdom Gone Wild,Rea Tajiri
Wisdom in Conflict Management,Derek Williams
Wisdom of Changes - Richard Wi,Bettina Wilhelm
Wisdom of Children,Adam Dorsky
Wisdom of Seniors,Brandon Jones
Wisdom of Shaolin,Yanmin Chen
Wisdom of Silenus,William Turner
"Wisdom of the Ancients, Episod",Patrick McGeown
Wisdom of the Body,Stuart Evan Davis
Wisdom of the Eighties,Woody Bavota
Wisdom of the Gods,Nkem Alu
Wisdom of the Gods 2,Nkem Alu
Wisdom of the Have-Not,Katsuya Asano
Wisdom of the Holy Spirit,Oliver Hirschbiegel
Wisdom of the Horse,Scott Frank
Wisdom of the Pretzel,Ilan Heitner
Wisdom of the Tribes,Peter Bove
Wisdom of the Wayshowers: New,Antara Brandner
Wisdom of the Wild,Allison Argo
Wisdom of the Wild,Mary Field
Wisdom of the Wise,Baz Taylor
Wisdom on the Rocks,Maxim Horner
Wisdom Teeth,Don Hertzfeldt
Wisdom Teeth,Jason Hartung
Wisdom Teeth,John Lee
Wisdom Teeth,Ni Yan
Wisdom Teeth,Sydney Gabel
Wisdom Teeth,Sydni Lazarus
Wisdom Tooth,Angel Contreras
Wisdom Tree,Rajan Khosa
Wisdomkeepers,Ora Abel-Russell
"Wisdomkeepers, Paqo Andino",Jeffrey Wium
Wise & Foolish Maidens,John Grooters
Wise Ass or Kiss Ass,Ari Minasian
Wise Ass!,Eric Edwards
Wise Blood,John Huston
Wise Bull,Tommy Ho
Wise Child,Gerald Blake
Wise Child: Part 1,Bill Podmore
Wise Child: Part 2,Bill Podmore
Wise Child: Part 3,Bill Podmore
Wise Choice or Lucky Guess,Ellen Raines
Wise Dan: A True Champion,Dean Marinelli
Wise Decision,Chuxiang Xiao
Wise Flies,Dave Fleischer
Wise for Mayor,Dougg Williams
Wise Gals,Anna Remus
Wise Girl,Alex Swinfen
Wise Girl,Leigh Jason
Wise Girl!,Laurent Ardouvin
Wise Girls,E. Mason Hopper
Wise Guise,Otto Messmer
Wise Guy,Bill Speers
Wise Guy,Darren Price
Wise Guy High,Gianfranco Serraino
Wise Guys,Adrian McDowall
Wise Guys,Brian De Palma
Wise Guys,Claude Chabrol
Wise Guys,Harry Langdon
Wise Guys,Jairus Cobb
Wise Guys,Jeffrey Trzepkowski
Wise Guys,John Wahba
Wise Guys,Jonathan Pezza
Wise Guys,Roger Bamford
Wise Guys & These Guys,Dean Mohrmann
Wise Guys on: Texas Hold'Em,Danny Roth
Wise Guys Prefer Brunettes,F. Richard Jones
Wise Guys Prefer Brunettes,Stan Laurel
"Wise Guys, Girls, and Squirrel",Buddy Kelly
Wise Guys: Work & Play,Christopher McKee
Wise Husbands,Frank Reicher
Wise King of the Forest,Dai Seki
Wise King of the Forest,Naoyuki Itô
Wise Little Gudgeon,Valentin Karavaev
Wise Magic,Kevin Rhoades
Wise Man and Others,Sadik Demiroz
Wise Mans,Jim Field Smith
Wise Medicine,Deborah Libby
Wise Men,David Goldsmith
Wise Men,Rob Evans
Wise Monkeys,Peter Andrikidis
Wise Mouse,Tyler Holtman
Wise Old Little Boy,Ryer Banta
Wise or Otherwise,Richard Smith
"Wise Quacker/Yours, Mine... an",Curt Walstead
Wise Quackers,Friz Freleng
Wise Quacks,Mannie Davis
Wise Quacks,Robert Clampett
Wise Tale,Brian Dorchak
Wise Toad,Leo Nielsen
Wise Up,Stefan Brogren
Wise Up: Part One,Owen Brenman
Wise Up: Part Two,Owen Brenman
Wise Up: Teenagers on the Line,Martin Wallace
Wise Willy,Tom Clark
Wise Wimmin,Stephen Roberts
Wise Wives,Eddie Lyons
Wise Wives,Lee Moran
Wise Women of Sedona,Kathy Douglas
Wise Womyn,David Storey
Wise Words,Bradley Michael
Wise Words,Paul Moloney
Wisecracks,Gail Singer
Wisedocs,Michael Patrick Jann
Wisegal,Bruce Bilson
Wisegal,Jerry Ciccoritti
WiseGirls,David Anspaugh
Wiseguy,Enrique Cahen Salaberry
Wiseguy,James Whitmore Jr.
Wiseguys,Zach Salazar
Wiseguys vs. Zombies,Adam Minarovich
Wiseman,Alessandro Spallino
Wiseman's Dark Hand. Destroy C,Jun'ichi Satô
Wiseman's Dark Hand. Destroy C,Kunihiko Ikuhara
Wiseman's Dark Hand. Destroy C,Yûji Endô
Wiseman Cometh,Kyungjun Choi
Wiseman Cometh,Mitsuo Hashimoto
Wisente,Ulrich K.T. Schultz
Wiser,Peter Baksheev
Wisewoman's Recipe,Tatyana Voronetskaya
Wish,Antoinette Jadaone
Wish,Brad Kidwell
Wish,Brian Jude Leahy
Wish,Chris Pierdomenico
Wish,Cory Edwards
Wish,Daisuke Tsukushi
Wish,Dan Villegas
Wish,Deepak Karamungikar
Wish,Derek Price
Wish,Divyansh Ganjoo
Wish,Elissa Shay
Wish,Heidi Lee Douglas
Wish,Hiroyuki Tanaka
Wish,Jack Wareham
Wish,James Koenig
Wish,Jim Hanks
Wish,John Johnson
Wish,Jojo Saguin
Wish,Jose Zambrano Cassella
Wish,Josiah Crandall
Wish,Jun'ichi Takaoka
Wish,Jun'ichi Wada
Wish,Ken Andô
Wish,Kevin Porter
Wish,Kôtarô Tamura
Wish,Kris Barberg
Wish,Kyle DeAngelo
Wish,Kyle Milardo
Wish,Mario Pagano
Wish,Masashi Koizuka
Wish,Matt Day
Wish,Mica Hemingway
Wish,Nicole Elmer
Wish,Norman Tumolva
Wish,Omar Jose Hernandez
Wish,Oscar Perez
Wish,Punn Wiantrakoon
Wish,Rebecca Shoptaw
Wish,Regeene Ho
Wish,Rene Mohandas
Wish,Seong-han Lee
Wish,Sepideh Fallah
Wish,Steve Underwood
Wish,Takashi Andô
Wish,Tetsurô Araki
Wish,Tomoki Kobayashi
Wish,Toshiki Hirano
Wish,Toshiyuki Sakurai
Wish,Vilma Hirvonen
Wish,Yasuhiro Geshi
Wish,Yoshiaki Kawajiri
WiSH,Adam Aljovich
Wish's Irony,Anna Silvson
Wish-A-Thon Make-A-Wish,Tom Stokes
Wish-Fulfillment,Sunah Kim
Wish-House Rocked,Yvette Kaplan
Wish × and × Promise,Hiroshi Kôjina
Wish × and × Promise,Seung-wook Woo
Wish 143,Ian Barnes
Wish Bone,Ari Costa
Wish Boned,Rob Schiller
Wish Booth/Cyber Monday Deals/,Adam Heydt
Wish Come True: Part 1,Don Michael Perez
Wish Come True: Part 2,Don Michael Perez
Wish Come True: Part 3,Don Michael Perez
Wish Come True: Part 4,Don Michael Perez
Wish Cum True,Tommy Sy
Wish Death Too!,Eric Swain
Wish Death Too!,Kenneth Powell
Wish Death Too!,Thomas Edward Seymour
Wish Death Too!,Troy Bernier
Wish Dragon,Chris Appelhans
Wish Factory,Banu Alagoz
Wish for Armageddon,Robert Wiemer
Wish for Christmas,John K.D. Graham
Wish for Tomorrow,Pierre-Nicolas Panasci
Wish Fulfillment,Iris Bahr
Wish Gone Wild,Jamie Whitney
Wish Granted,Aliki Theofilopoulos
Wish Granted,Dexter N. Adriano
Wish Granted,Maryo J. de los Reyes
Wish Him Luck,William Hsiung
Wish Hotel,Cedric Jouarie
Wish I'd Spaced You When I Had,Mairzee Almas
Wish I Could Believe You,Paul G. Day
Wish I May,John Bell
"Wish I May, Wish I Knight",Jody Margolin Hahn
Wish I Was Here,Kourosh Taj
Wish I Was Here,Zach Braff
Wish I Was Here/Planes: Fire &,David Freydt
Wish I Was There,David Freydt
Wish I were elsewhere,Yann Mokhtari
Wish I Were Here,Joe Zappa
Wish Inc.,Diane M. Dresback
Wish It Could Last,Peter Diaz
Wish List,Andrew Griffin
Wish List,Carlos Domeque
Wish List,Elodie Keene
Wish List,Kurt Roberts
Wish List,Nicholas Bufalo
Wish List,Robert Angelo
Wish List,William Rodríguez
Wish List: Part 1,James Rolfe
Wish List: Part 2,James Rolfe
Wish Makers of West Hollywood,David Grotell
Wish Man,Theo Davies
Wish Me Away,Bobbie Birleffi
Wish Me Happy Birthday,Nikos Kritikos
Wish Me Luck,Angela Robinson Witherspoon
Wish Me Luck,Philip J. Jones
Wish Me Luck,Ryan Goble
Wish Me Luck...,Robin Nash
"Wish of July 7th, Hachi's Love",Atsuko Ishizuka
"Wish of July 7th, Hachi's Love",Morio Asaka
"Wish of July 7th, Hachi's Love",Norimitsu Suzuki
Wish of the Garbo,Philippe Balmossière
Wish on a Spell,Ric Kabriel
Wish on the Moon,Charles Saunders
Wish on the Moon,Delbert Mann
Wish on the Moon,Johnny Desmond
Wish or Wish Out,Ray Patterson
Wish Pond,Athanassios Vakalis
Wish Someone Would Care,Daniel Attias
Wish Star,Carl T. Rogers
Wish That I Was Jess's Guy,Mike Blum
Wish to Be,Sridhar Ranganath
Wish to be a Red Indian,Tibor Szemzö
Wish to be Sunny Leone,Moumithaa Chakraborty
Wish to Live,Barry Alexander Brown
Wish U Were Here: To the Moon,Anthony Cruze
Wish upon,David Freydt
Wish Upon,Chris Stuckmann
Wish Upon,John R. Leonetti
Wish Upon a Christmas,Terry Ingram
Wish Upon a Coin,William Reiss
Wish Upon a Lusis: Part 1,Manny Palo
Wish Upon a Lusis: Part 1,Rahyan Carlos
Wish Upon a Lusis: Part 2,Manny Palo
Wish Upon a Lusis: Part 2,Rahyan Carlos
Wish Upon a Lusis: Part 3,Manny Palo
Wish Upon a Lusis: Part 3,Rahyan Carlos
Wish Upon a Lusis: Part 4,Manny Palo
Wish Upon a Lusis: Part 4,Rahyan Carlos
Wish Upon a Lusis: Part 5,Manny Palo
Wish Upon a Pop-Up/Catch Kira,Bahr Gilad
Wish Upon a Star,Akihiro Enomoto
Wish Upon a Star,Blair Treu
Wish Upon a Star,Herb Wallerstein
Wish Upon a Star,John C. Alsedek
Wish Upon a Star,Kenji Kamiyama
Wish Upon a Star,Kôdai Kakimoto
Wish Upon a Star,Sutton Roley
Wish Upon a Star,Tom Westley
Wish Upon a Star,Yasushi Muroya
Wish Upon a Star,Yutaka Izubuchi
Wish Upon a Star Wars,Sofia Lauren Giannetti
Wish Upon a Star! Everyone Tog,Takashi Ôtsuka
Wish Upon a Star! Everyone Tog,Yuriko Kado
Wish Upon a Star! The Winning,Kazuo Yamazaki
Wish Upon a Star! The Winning,Naoyuki Yoshinaga
Wish Upon a Starfish,Jamie Mitchell
Wish Upon a Starfish,Marilyn Swick
Wish Upon a Story: Part 2,John Over
Wish Upon the Star,Kun-Mao Chen
Wish Upon the Star,Yi-Hwa Chen
Wish Upon the Star Shooting Th,Amber Lee Connors
Wish Upon the Star Shooting Th,Hiroyuki Imaishi
Wish Upon the Star Shooting Th,Shinobu Yoshioka
Wish Upon the Star Shooting Th,Shinpei Ezaki
Wish We Could Fly Away Like Bi,Ilker Saglamer
Wish We Were Kids...,Monish Kaushal
Wish We Were There,Ryan Oksenberg
Wish We Weren't Here,J.D. Lobue
Wish Weasel,Dan McNamara
Wish Wise,Peter J. Morton
Wish Wizard,André Gordon
Wish You Happy Breakup,Kiran Rao Paruvella
Wish You Here,Benjamin O'Donnell
Wish You Misery Once You Leave,Hyun Wook Song
Wish You Misery Once You Leave,Jong Jae Lee
Wish You the Best,Quinn Baganz
Wish You Well,Darnell Martin
Wish You Were,Greg Fellows
Wish You Were (Here),Alex Elias Scott
Wish You Were Dead,Nicolas Naranjo
Wish You Were Dead,Valerie McCaffrey
Wish You Were Ed/Momma's Littl,Danny Antonucci
Wish You Were Fear,Cameron Rostami
Wish You Were Her,Josh Bayer
Wish You Were Here,Aaron Lipstadt
Wish You Were Here,Alexis Charizopoulos
Wish You Were Here,Alison Crane
Wish You Were Here,Allen Stuart
Wish You Were Here,Andrew Numbers
Wish You Were Here,Art Chong
Wish You Were Here,Austin Kase
Wish You Were Here,Bryan Pike
Wish You Were Here,Charles Barton
Wish You Were Here,Charlie Bianco
Wish You Were Here,Chris Carter
Wish You Were Here,Chris M. Sheridan
Wish You Were Here,Christopher Strong
Wish You Were Here,Craig Roberts
Wish You Were Here,D.C. Evans
Wish You Were Here,Dan Schneidkraut
Wish You Were Here,Darryn Welch
Wish You Were Here,David Duchovny
Wish You Were Here,David Leland
Wish You Were Here,David Lembke
Wish You Were Here,Del Richardson
Wish You Were Here,Dennis Avelar
Wish You Were Here,Dianna Basso
Wish You Were Here,Don Chaffey
Wish You Were Here,Drusilla Phillips
Wish You Were Here,E.W. Swackhamer
Wish You Were Here,Felix Sauermann
Wish You Were Here,Frantz Odessa
Wish You Were Here,Graham Ralph
Wish You Were Here,Holly Dale
Wish You Were Here,Jack Snelling
Wish You Were Here,James Lembeck
Wish You Were Here,James O'Brien
Wish You Were Here,Jeff Altrock
Wish You Were Here,Jennifer Enskat
Wish You Were Here,John Enter
Wish You Were Here,June Howson
Wish You Were Here,Kieran Darcy-Smith
Wish You Were Here,Kyle Worthington
Wish You Were Here,Lin Go
Wish You Were Here,M.R. Horhager
Wish You Were Here,Martin Shardlow
Wish You Were Here,Maura Jasper
Wish You Were Here,Michael Lembeck
Wish You Were Here,Moira Armstrong
Wish You Were Here,Paul Katis
Wish You Were Here,Randy Zisk
Wish You Were Here,Richard Harrison
Wish You Were Here,Rob Corn
Wish You Were Here,Romane Massard
Wish You Were Here,Ron Underwood
Wish You Were Here,Ronnie Baxter
Wish You Were Here,Samara Truster
Wish You Were Here,Shane Poettcker
Wish You Were Here,Simon Fraser
Wish You Were Here,Steve Robin
Wish You Were Here,Steve Wright
Wish You Were Here,Stuart Allen
Wish You Were Here,Yuji Higata
Wish You Were Here,Zach Nuernberger
Wish You Were Here 1,Robert Ennis Jr.
Wish You Were Here 2,Robert Ennis Jr.
Wish You Were Here 3,Robert Ennis Jr.
Wish You Were Here 4,Robert Ennis Jr.
Wish You Were Here Studios,Maris Zarins
Wish You Were Here! Week 1,Kevin McCarthy
Wish You Were Here! Week 2,Kevin McCarthy
Wish You Were Here! Week 2,Robert M. Cisneros
Wish You Were Here! Week 3,Kevin McCarthy
Wish You Were Here! Week 3,Robert Ennis Jr.
Wish You Were Here! Week 4,Kevin McCarthy
Wish You Were Here! Week 4,Robert M. Cisneros
Wish You Were Here! Week 5,Kevin McCarthy
Wish You Were Here! Week 5,Robert Ennis Jr.
Wish You Were Here/Sheep Shape,Dee Shipley
Wish You Were Here: A Look Ins,George A. Sunga
Wish You Were Here: A Look Ins,John Wheeler
Wish You Were Mine,Tom Wendling
Wish You Were Queer,Sallie Aprahamian
Wish You Were Shear,Karen Villarreal
Wish You Were Shear,Tom Warburton
Wish You Were There,Lindsay Anderson
Wish You Were There,Peter Frazer-Jones
Wish You Weren't Here,Lissa Evans
Wish You Weren't Here,Mike Bickerton
Wish You Weren't Here,Peter Frazer-Jones
Wish You Weren't Here,Robert Shellhorn
Wish You Weren't Here,Sarah O'Gorman
Wish You Weren't Here/Cerbee i,Sean Scott
Wish You Weren't Here: The Dar,Ian Halperin
Wish.com vs. Name Brand,Morgan Locke
Wishart,Sam Petty
Wishbaby,Stephen W. Parsons
Wishbass 1200,Stephen Fielding
Wishbeard/Tangerine,Nolan Lehman
Wishbone,Ali Atshani
Wishbone,Anna Tang
Wishbone,Chris Moulson
Wishbone,David Letch
Wishbone,Edward Derby
Wishbone,Gary Hurst
Wishbone,Hal Sutherland
Wishbone,Joseph W. Sarno
Wishbone,Mac Capen
Wishbone,Marc Daniels
Wishbone,Michael Zen
Wishbone,Timothy Gaer
Wishbone's Dog Days of the Wes,Rick Duffield
Wishbone Ash in Concert: Remas,Phillip Goodhand-Tait
Wishbone Reboot,Alex Fernie
Wishbone Walker: Diary of a Ve,Mike Ethridge
Wishboned,Deran Sarafian
Wishbones,Brian Sheesley
Wishbones,David Wellington
Wishbones,Henry Fox
Wishbones,Juli Murphy
Wishbones,Stuart Kiczek
Wishcraft,Danny Graves
Wishcraft,Richard Wenk
Wished,Dayyan Eng
Wished on Mabel,Roscoe 'Fatty' Arbuckle
Wishes,Angelos Spartalis
Wishes,Angelos Spartalis
Wishes,Antonio Chavez Trejo
Wishes,Ira B. Zinman
Wishes,Jessica Rabe
Wishes,Jon East
Wishes,Michael A. Hoey
Wishes,Natalia Bougadellis
Wishes,Peter Sharp
Wishes,Ronnie Zidon
Wishes,Todd Blood
Wishes,Tyler Maddox
Wishes,W.P. Kellino
Wishes & Shit,Jon Lecouris
Wishes 2,Valerie Bernard
Wishes and Dreams,Benjamin Freemantle
Wishes Are Granted to the Winn,Kiyoko Sayama
Wishes Come True,Paul Lynch
Wishes Come True,Shin Itagaki
Wishes Come True,Valentina Brumberg
Wishes Come True,Zinaida Brumberg
Wishes Coming True,Evheniy Kovalenko
Wishes Do Come True with Wako,Ricky Rivero
Wishes Do Come True with Wako,Wenn V. Deramas
Wishes for Mom,Reva Santo
Wishes from a Tree,Eric F. Homan
Wishes Fulfilled,Arun Sheshkumar
Wishes Granted,Rob Lundsgaard
Wishes Ltd,Daniela Rodriguez
Wishes of the Land,Vahid Mousaian
Wishes on a Falling Star,Paolo Cellammare
Wishes on the Water,Kôichi Sakamoto
"Wishes Upbeat, Everyone's Shin",Hisashi Saitô
"Wishes Upbeat, Everyone's Shin",Nanako Shimazaki
"Wishes Upbeat, Everyone's Shin",Tomoaki Koshida
Wishes We Made in the Dark,Aurielle Chelayne
Wishful,Bruce Bernstein
Wishful Beginnings,Tawnia McKiernan
Wishful Building,Cheryl Zalameda
Wishful Shrinking,Chris Adshead
Wishful thinking,Dennis Nap
Wishful Thinking,Adam Park
Wishful Thinking,Adam Shaw
Wishful Thinking,Alex Secker
Wishful Thinking,Andrew Young
Wishful Thinking,Aurélia Marine
Wishful Thinking,Austin Bragg
Wishful Thinking,Austin Jacobson
Wishful Thinking,Benjamin Klecan
Wishful Thinking,Brett Underwood
Wishful Thinking,Brian Lee Johnson
Wishful Thinking,Burt Caesar
Wishful Thinking,Caleb Sexton
Wishful Thinking,Candy Guard
Wishful Thinking,Carolyn Bridget Kennedy
Wishful Thinking,Christian Flannagan
Wishful Thinking,Dane Boedigheimer
Wishful Thinking,David C. White
Wishful Thinking,Deva Blaisdell-Anderson
Wishful Thinking,Dez McCarthy
Wishful Thinking,Eric Gross
Wishful Thinking,Giancarlo Fiorentini
Wishful Thinking,Hunter Christy
Wishful Thinking,Jane Sablow
Wishful Thinking,John Hartley
Wishful Thinking,Jonathan Grimm
Wishful Thinking,Kurt Nolen
Wishful Thinking,Lachie Allemand
Wishful Thinking,Leland H. Ripley
Wishful Thinking,Lesley Powers
Wishful Thinking,Martin Cummins
Wishful Thinking,Matthew Law
Wishful Thinking,Melissa Suber
Wishful Thinking,Michael Craig
Wishful Thinking,Michael Maliani
Wishful Thinking,Michelle Leduc Catlin
Wishful Thinking,Morten Tyldum
Wishful Thinking,Murray Langston
Wishful Thinking,Neil Schell
Wishful Thinking,Raphael Hamzah
Wishful Thinking,Richard Jasek
Wishful Thinking,Robert Hunkele
Wishful Thinking,Robert Singer
Wishful Thinking,Robin Bain
Wishful Thinking,Rohan Jones
Wishful Thinking,Rohit Gaur
Wishful Thinking,Roy Karch
Wishful Thinking,Skot Bright
Wishful Thinking,Tom Elliot
Wishful Thinking,Valerie Landsburg
Wishful Thinking,Walter Lodes III
Wishful Thinking Dreamality Co,Countrified Wedman
Wishful Thinking the Series,Gerald Shropshire
Wishful Thinking/April Fools,Bret Haaland
Wishful Thinking/April Fools,Nicholas Filippi
Wishful Thinking/Lady Redundan,David SanAngelo
Wishful Whiskers,Pulkit Datta
Wishin' & Hopin',Mars Horodyski
Wishin' and Hopin',Colin Theys
Wishin' and Hopin',Jacqueline Pepall
Wishin' and Hopin',Julie Anne Robinson
Wishin' and Hopin',Mandy Smith
Wishing,Anthony Cally
Wishing,Cecilia Gardner
Wishing,Emilio Estevez
Wishing,Harold D. Schuster
Wishing,Ian Hougland
Wishing,Kenneth Pulgar-Vidal
Wishing and Hoping,Esben Storm
Wishing and Hoping,Judith Dine
Wishing and Hoping,Kate Woods
Wishing Back a Kiss,Chris Adshead
Wishing Box,Wenli Zhang
Wishing Cast,Amina Handke
Wishing Cave,Chris Drew
Wishing for a Dream,Jared Cohn
Wishing for a Hero,Peter Salmon
Wishing for Rain in New Mexico,Cheryl Marie Seas
Wishing for Rain in New Mexico,Cheryl Seas Gorder
Wishing for Seven Sons and One,Ali-Isa Djabbarov
Wishing for Yesterday,Aaron Wigo
Wishing Fountain,François Narboux
Wishing Heart Hollow,Jamie Whitney
Wishing in the Park,Sam Small
Wishing lampira,Malu Sevilla
Wishing Me Happy,Chia-Hung Chen
Wishing on a Bar,Richard Boden
Wishing on a Blue Moon,Natsuko Kodama
Wishing on an Airplane,Nicole Kunz
Wishing Powder,Charles Vaucelle
Wishing Something Universal,Bernie Su
Wishing Stairs,Jae-yeon Yun
Wishing Stone,Conor Finnegan
Wishing Stone,Niall Mooney
Wishing Stone,Rafael Diaz Canales
Wishing Stone,Suhas D. Kadav
Wishing Time,Torrie Rosenzweig
Wishing Well,Alister Hallum
Wishing Well,Brock Gallagher
Wishing Well,Harve Foster
Wishing Well,Ian Frampton
Wishing Well,John Walker
Wishing Well,Matt Nielsen
Wishing Well,Maurice Elvey
Wishing Well,Ryan Kirk
Wishing Well,Sylvia Schedelbauer
Wishing Well Hell,Greg Francis
Wishing Well/Eu've Got Mail,Dev Ramsaran
Wishing Well/Eu've Got Mail,Nadja Cozic
Wishing Well/Eu've Got Mail,Paul Schibli
Wishing Well/Eu've Got Mail,Rebecca Greenwood
Wishing You Well,Carolyn Corkindale
Wishing You Were Here,Russ Petranto
"Wishing, Well",Ian Mccabe
Wishlist,Allisyn Snyder
Wishlist,Álvaro Díaz Lorenzo
Wishlist,Philip Earnshaw
Wishlist,Rachel Riendeau
Wishmaker,Michael Hibler
Wishmaker,Mj Dixon
WishMakers,Cheryl Halpern
WishMakers,Elena Neuman Lefkowitz
Wishman,James Frawley
Wishman,Mike Marvin
Wishmaster,Nikos Andronicos
Wishmaster,Robert Kurtzman
Wishmaster 2: Evil Never Dies,Jack Sholder
Wishmaster 3: Beyond the Gates,Chris Angel
Wishmaster 4: The Prophecy Ful,Chris Angel
Wishmasters,Peter Hausner
"Wishology! ""The Big Beginning""",Butch Hartman
"Wishology! ""The Big Beginning""",Gary Conrad
"Wishology! ""The Big Beginning""",Ken Bruce
"Wishology! ""The Big Beginning""",Michelle Bryan
"Wishology! ""The Exciting Middl",Butch Hartman
"Wishology! ""The Exciting Middl",Gary Conrad
"Wishology! ""The Exciting Middl",Ken Bruce
"Wishology! ""The Exciting Middl",Michelle Bryan
"Wishology! ""The Final Ending""",Butch Hartman
"Wishology! ""The Final Ending""",Gary Conrad
"Wishology! ""The Final Ending""",Ken Bruce
"Wishology! ""The Final Ending""",Michelle Bryan
Wishtaker,Carlo Besasie
Wishy-Washy: Experiment 267,Mike Girard
Wishy-Washy: Experiment 267,Victor Cook
Wishy Washy Pt. 1,Jeffrey G. Hunt
Wishy Washy/Ice Escapades,Brad Neave
Wishy Washy/Ice Escapades,Joe Horne
Wishy Washy/Poof's Playdate,Gary Conrad
Wishy Washy/Poof's Playdate,Ken Bruce
Wisigoth,Melodie Grumberg
Wisior,Kazimierz Tarnas
Wisior,Krzysztof Szmagier
Wiski,Panos Katsimperis
"Wiskunde, bah!",Diede in 't Veld
Wisla,Josef Dabernig
Wisla 2018 Individual,Johann Walter Hofer
Wisla 2018 Qualifications,Johann Walter Hofer
Wisla 2018 Team,Johann Walter Hofer
Wismar und Stralsund - Die ung,Christian Romanowski
Wismichu,Ricardo Castella
Wisnie,Gerard Zalewski
Wisnie,Michael Günther
Wisnie w kapeluszu,Dariusz Zawilski
Wisp,Benjamin Stevens
Wisp,Brenda Jallits
Wisp,Jimmie Chiverelli
Wisp,Nick Checker
Wisp,Shaughn Cameron
Wisp o' the Woods,Cecil M. Hepworth
Wisp o' the Woods,Louis Willoughby
Wisper,Adan Gama Puffelis
Wissahickon Moods,Brian Siano
Wissel,Casper Hariot
Wissel van de macht,Frans Boelen
Wissen,Manfred Gussmann
Wissen ist Macht,Christian Singh
Wissen ist Macht,Christoph Heininger
Wissen ist Macht,Harald Sicheritz
Wissen ist Macht,Sabine Landgraeber
Wissen ist Macht,Uwe Wilhelm
Wissen ist Macht,Vera Loebner
Wissen ist Macht und Morgenstu,Rainer Werner Fassbinder
Wissen ist Macht/Damenwahl,Marco Serafini
Wissen ist Macht/Damenwahl,Ralf Gregan
Wissen ist Ohnmacht,Dieter Kehler
"Wissen, wann Schluss ist",Herwig Fischer
Wissende Wege des Vergessens,Reinhold Wagner
Wissenschaft und Politik des K,Stefan Sick
Wissenschaft weist neue Wege,Martin Rikli
